{
  "timestamp": "2025-08-03T16:48:40.296887",
  "device": "<CUDA Device 0>",
  "cupy_version": "13.5.1",
  "cuda_available": true,
  "results": {
    "matmul_1000": 0.0004596710205078125,
    "matmul_2000": 0.0003979206085205078,
    "matmul_5000": 0.0051577091217041016,
    "matmul_10000": 0.0313262939453125,
    "nn_1000_500_100": 0.010716676712036133,
    "nn_2000_1000_200": 0.015066146850585938,
    "nn_5000_2000_500": 0.020559072494506836,
    "gradient_50": 0.031322479248046875,
    "training_100_epochs": 0.3093738555908203,
    "training_per_epoch": 0.003093738555908203,
    "estimated_full_training": 15.468692779541016
  }
}