{
  "timestamp": "2025-08-02T23:57:40.466621",
  "device": "TFRT_CPU_0",
  "jax_version": "0.6.2",
  "results": {
    "matmul_1000": 0.022960662841796875,
    "matmul_2000": 0.04372406005859375,
    "matmul_5000": 0.4356570243835449,
    "matmul_10000": 2.891676425933838,
    "nn_1000_500_100": 0.16985392570495605,
    "nn_2000_1000_200": 0.31537342071533203,
    "nn_5000_2000_500": 0.8653397560119629,
    "gradient_50": 0.914520263671875,
    "training_100_epochs": 38.24817132949829,
    "training_per_epoch": 0.38248171329498293,
    "estimated_full_training": 1912.4085664749146
  }
}